Total expenditures,student_teacher_ratio,per-pupil_spending,Median_Income,Poverty Rate,Urbanization,Graduation_Rate,Year,State_Alabama,State_Alaska,State_Arizona,State_Arkansas,State_California,State_Colorado,State_Connecticut,State_Delaware,State_District of Columbia,State_Florida,State_Georgia,State_Hawaii,State_Idaho,State_Illinois,State_Indiana,State_Iowa,State_Kansas,State_Kentucky,State_Louisiana,State_Maine,State_Maryland,State_Massachusetts,State_Michigan,State_Minnesota,State_Mississippi,State_Missouri,State_Montana,State_Nebraska,State_Nevada,State_New Hampshire,State_New Jersey,State_New Mexico,State_New York,State_North Carolina,State_North Dakota,State_Ohio,State_Oklahoma,State_Oregon,State_Pennsylvania,State_Rhode Island,State_South Carolina,State_South Dakota,State_Tennessee,State_Texas,State_Utah,State_Vermont,State_Virginia,State_Washington,State_West Virginia,State_Wisconsin,State_Wyoming
-0.2403268598479218,-0.11935795504537375,-1.169910113919103,-1.0557655074434915,0.9480656534291664,-1.1821874182104082,64.1,2000.0,True,False,False,False,False,False,False,False,False,False,False,False,False,False,False,False,False,False,False,False,False,False,False,False,False,False,False,False,False,False,False,False,False,False,False,False,False,False,False,False,False,False,False,False,False,False,False,False,False,False,False
-1.4347337056242533,0.42199877781852335,-0.4478348938087723,0.7819566699932913,-1.1140224037111648,-0.5013291369028239,66.7,2000.0,False,True,False,False,False,False,False,False,False,False,False,False,False,False,False,False,False,False,False,False,False,False,False,False,False,False,False,False,False,False,False,False,False,False,False,False,False,False,False,False,False,False,False,False,False,False,False,False,False,False,False
-0.12422433984352438,1.4686217946887266,-1.315555967975448,-0.3787820352592278,0.2709621122786096,1.0072392118767268,63.6,2000.0,False,False,True,False,False,False,False,False,False,False,False,False,False,False,False,False,False,False,False,False,False,False,False,False,False,False,False,False,False,False,False,False,False,False,False,False,False,False,False,False,False,False,False,False,False,False,False,False,False,False,False
-0.8293523320505386,-0.5885337901940854,-1.2521920439884935,-1.2616393628751366,0.8557333523631812,-1.3757647726998194,74.6,2000.0,False,False,False,True,False,False,False,False,False,False,False,False,False,False,False,False,False,False,False,False,False,False,False,False,False,False,False,False,False,False,False,False,False,False,False,False,False,False,False,False,False,False,False,False,False,False,False,False,False,False,False
1.814229844797326,1.7573453855494723,-1.0158309318501055,0.35216680591533406,0.3632944133445942,1.4210942456127098,71.7,2000.0,False,False,False,False,True,False,False,False,False,False,False,False,False,False,False,False,False,False,False,False,False,False,False,False,False,False,False,False,False,False,False,False,False,False,False,False,False,False,False,False,False,False,False,False,False,False,False,False,False,False,False
-0.1867570407857431,0.5663605732488969,-1.0383957824785535,0.3215595817118813,-1.1447998373998265,0.760261207872995,74.1,2000.0,False,False,False,False,False,True,False,False,False,False,False,False,False,False,False,False,False,False,False,False,False,False,False,False,False,False,False,False,False,False,False,False,False,False,False,False,False,False,False,False,False,False,False,False,False,False,False,False,False,False,False
-0.032850890911105206,-0.7328955856244582,-0.23198728224170057,1.0310833659440264,-1.5756839090410897,0.9738638059302767,81.9,2000.0,False,False,False,False,False,False,True,False,False,False,False,False,False,False,False,False,False,False,False,False,False,False,False,False,False,False,False,False,False,False,False,False,False,False,False,False,False,False,False,False,False,False,False,False,False,False,False,False,False,False,False
-1.703433798994894,-0.11935795504537375,-0.5608870747351372,0.3403266428682089,-1.1755772710884884,0.4665576355442327,66.8,2000.0,False,False,False,False,False,False,False,True,False,False,False,False,False,False,False,False,False,False,False,False,False,False,False,False,False,False,False,False,False,False,False,False,False,False,False,False,False,False,False,False,False,False,False,False,False,False,False,False,False,False,False
-1.8631803223486543,-0.6607146879092716,-0.15130084666119012,-0.42420959960329974,2.2099404346642935,1.794898792212952,54.5,2000.0,False,False,False,False,False,False,False,False,True,False,False,False,False,False,False,False,False,False,False,False,False,False,False,False,False,False,False,False,False,False,False,False,False,False,False,False,False,False,False,False,False,False,False,False,False,False,False,False,False,False,False
0.923367651929311,0.9633555106824211,-1.125920051582836,-0.5621031991725394,-0.1599219593626537,1.080665104958917,61.0,2000.0,False,False,False,False,False,False,False,False,False,True,False,False,False,False,False,False,False,False,False,False,False,False,False,False,False,False,False,False,False,False,False,False,False,False,False,False,False,False,False,False,False,False,False,False,False,False,False,False,False,False,False
0.48543452274813514,0.061094289242592165,-0.9877958144026402,-0.1812043484932553,-0.006034790919345401,-0.10082426554542118,59.7,2000.0,False,False,False,False,False,False,False,False,False,False,True,False,False,False,False,False,False,False,False,False,False,False,False,False,False,False,False,False,False,False,False,False,False,False,False,False,False,False,False,False,False,False,False,False,False,False,False,False,False,False,False
-1.440882862412514,0.42199877781852335,-0.9665985304789467,0.5974273261772118,-0.7139157657585636,1.227516891123298,70.9,2000.0,False,False,False,False,False,False,False,False,False,False,False,True,False,False,False,False,False,False,False,False,False,False,False,False,False,False,False,False,False,False,False,False,False,False,False,False,False,False,False,False,False,False,False,False,False,False,False,False,False,False,False
-1.3777190647555975,0.7829032663944552,-1.2435307881917157,-0.6934726272668326,-0.37536399518328506,-0.44792848738850277,79.4,2000.0,False,False,False,False,False,False,False,False,False,False,False,False,True,False,False,False,False,False,False,False,False,False,False,False,False,False,False,False,False,False,False,False,False,False,False,False,False,False,False,False,False,False,False,False,False,False,False,False,False,False,False
0.9188590765382348,0.13327518695777893,-0.8291580766511281,0.25696222957722586,-0.7139157657585636,0.9805388871195664,76.3,2000.0,False,False,False,False,False,False,False,False,False,False,False,False,False,True,False,False,False,False,False,False,False,False,False,False,False,False,False,False,False,False,False,False,False,False,False,False,False,False,False,False,False,False,False,False,False,False,False,False,False,False,False
0.21322531522066515,0.34981788010333725,-0.8157103373877097,-0.27246220381565517,-1.0832449700225033,-0.15422491505974134,71.8,2000.0,False,False,False,False,False,False,False,False,False,False,False,False,False,False,True,False,False,False,False,False,False,False,False,False,False,False,False,False,False,False,False,False,False,False,False,False,False,False,False,False,False,False,False,False,False,False,False,False,False,False,False
-0.5240311676048928,-0.5163528924788987,-0.9588489858186717,-0.49355912602217555,-1.2063547047771501,-0.8017077904208755,83.1,2000.0,False,False,False,False,False,False,False,False,False,False,False,False,False,False,False,True,False,False,False,False,False,False,False,False,False,False,False,False,False,False,False,False,False,False,False,False,False,False,False,False,False,False,False,False,False,False,False,False,False,False,False
-0.6490245494300303,-0.4802624436213056,-1.0203894875326203,-0.3718551371500253,-0.9601352352678566,-0.1141744279240005,77.1,2000.0,False,False,False,False,False,False,False,False,False,False,False,False,False,False,False,False,True,False,False,False,False,False,False,False,False,False,False,False,False,False,False,False,False,False,False,False,False,False,False,False,False,False,False,False,False,False,False,False,False,False,False
-0.4224445469709582,0.38590832896093097,-1.1054065510115199,-1.1045759755153135,0.8557333523631812,-1.1554870934532482,69.7,2000.0,False,False,False,False,False,False,False,False,False,False,False,False,False,False,False,False,False,True,False,False,False,False,False,False,False,False,False,False,False,False,False,False,False,False,False,False,False,False,False,False,False,False,False,False,False,False,False,False,False,False,False
-0.2615788139128477,0.31372743124574487,-1.1320741017542308,-1.2211250634689874,2.025275832532324,-0.03407345365252072,62.2,2000.0,False,False,False,False,False,False,False,False,False,False,False,False,False,False,False,False,False,False,True,False,False,False,False,False,False,False,False,False,False,False,False,False,False,False,False,False,False,False,False,False,False,False,False,False,False,False,False,False,False,False,False
-1.2020041994271526,-1.1659809719155763,-0.7074446399279852,-0.7285098444471009,-0.65236089838124,-2.1967997589824946,75.9,2000.0,False,False,False,False,False,False,False,False,False,False,False,False,False,False,False,False,False,False,False,True,False,False,False,False,False,False,False,False,False,False,False,False,False,False,False,False,False,False,False,False,False,False,False,False,False,False,False,False,False,False,False
0.12198072241884293,0.20545608467296503,-0.6928572617439381,0.9186420896597631,-1.39101930690912,0.8670625069016353,77.6,2000.0,False,False,False,False,False,False,False,False,False,False,False,False,False,False,False,False,False,False,False,False,True,False,False,False,False,False,False,False,False,False,False,False,False,False,False,False,False,False,False,False,False,False,False,False,False,False,False,False,False,False,False
0.30205858492343535,-0.44417199476371255,-0.4580916440944304,0.6692737577284745,-1.1447998373998265,1.2208418099340086,78.0,2000.0,False,False,False,False,False,False,False,False,False,False,False,False,False,False,False,False,False,False,False,False,False,True,False,False,False,False,False,False,False,False,False,False,False,False,False,False,False,False,False,False,False,False,False,False,False,False,False,False,False,False,False
0.8779445641447478,0.7107223686792691,-0.6064726315602843,0.054310187219628304,-0.7754706331358868,0.1061032513225708,75.3,2000.0,False,False,False,False,False,False,False,False,False,False,False,False,False,False,False,False,False,False,False,False,False,False,True,False,False,False,False,False,False,False,False,False,False,False,False,False,False,False,False,False,False,False,False,False,False,False,False,False,False,False,False
0.12999790602308275,0.09718473810018523,-0.8161661929559612,0.31189414248973835,-1.5756839090410897,-0.14754983387045073,84.9,2000.0,False,False,False,False,False,False,False,False,False,False,False,False,False,False,False,False,False,False,False,False,False,False,False,True,False,False,False,False,False,False,False,False,False,False,False,False,False,False,False,False,False,False,False,False,False,False,False,False,False,False,False
-0.7458647173606261,0.13327518695777893,-1.312137051213562,-1.3513668569873638,2.1176081335983086,-1.6227427767035512,59.4,2000.0,False,False,False,False,False,False,False,False,False,False,False,False,False,False,False,False,False,False,False,False,False,False,False,False,True,False,False,False,False,False,False,False,False,False,False,False,False,False,False,False,False,False,False,False,False,False,False,False,False,False,False
0.02374588797334283,-0.5885337901940854,-1.044777760434074,-0.6553746876662191,-0.40614142887194715,-0.2476760517098014,76.3,2000.0,False,False,False,False,False,False,False,False,False,False,False,False,False,False,False,False,False,False,False,False,False,False,False,False,False,True,False,False,False,False,False,False,False,False,False,False,False,False,False,False,False,False,False,False,False,False,False,False,False,False,False
-1.6760220070891503,-0.2998101993333397,-1.0158309318501055,-1.1728784126851237,0.486404148099241,-1.2689634736711786,80.8,2000.0,False,False,False,False,False,False,False,False,False,False,False,False,False,False,False,False,False,False,False,False,False,False,False,False,False,False,True,False,False,False,False,False,False,False,False,False,False,False,False,False,False,False,False,False,False,False,False,False,False,False,False
-1.013551210132072,-0.7689860344820514,-0.9317255795077092,-0.5166756348284675,-1.0216901026451803,-0.22097572695264178,85.7,2000.0,False,False,False,False,False,False,False,False,False,False,False,False,False,False,False,False,False,False,False,False,False,False,False,False,False,False,False,True,False,False,False,False,False,False,False,False,False,False,False,False,False,False,False,False,False,False,False,False,False,False,False
-0.9472761001820051,1.0355364083976086,-1.1421029242557632,0.045208565285443675,-0.7754706331358868,1.227516891123298,69.7,2000.0,False,False,False,False,False,False,False,False,False,False,False,False,False,False,False,False,False,False,False,False,False,False,False,False,False,False,False,False,True,False,False,False,False,False,False,False,False,False,False,False,False,False,False,False,False,False,False,False,False,False,False
-1.3215341366570275,-0.44417199476371255,-0.891382361717454,0.5602153851719615,-2.006567980682353,-0.9218592518280966,76.1,2000.0,False,False,False,False,False,False,False,False,False,False,False,False,False,False,False,False,False,False,False,False,False,False,False,False,False,False,False,False,False,True,False,False,False,False,False,False,False,False,False,False,False,False,False,False,False,False,False,False,False,False,False
0.7813422800296862,-0.8772573810548305,-0.09887745631227092,1.1587477090031646,-1.39101930690912,1.4210942456127098,83.6,2000.0,False,False,False,False,False,False,False,False,False,False,False,False,False,False,False,False,False,False,False,False,False,False,False,False,False,False,False,False,False,False,True,False,False,False,False,False,False,False,False,False,False,False,False,False,False,False,False,False,False,False,False
-1.003020484640046,-0.1915388527605605,-1.1272876182875904,-1.056007143424045,1.6559466282683835,0.12612849489044076,64.7,2000.0,False,False,False,False,False,False,False,False,False,False,False,False,False,False,False,False,False,False,False,False,False,False,False,False,False,False,False,False,False,False,False,True,False,False,False,False,False,False,False,False,False,False,False,False,False,False,False,False,False,False,False
1.4920131303843995,-0.6607146879092716,-0.21078999831800715,-0.07995887264130774,0.486404148099241,0.9605136435516964,61.8,2000.0,False,False,False,False,False,False,False,False,False,False,False,False,False,False,False,False,False,False,False,False,False,False,False,False,False,False,False,False,False,False,False,False,True,False,False,False,False,False,False,False,False,False,False,False,False,False,False,False,False,False,False
0.33664449702540844,-0.0832675061877807,-1.0771435057799286,-0.5236025329376699,-0.22147682673997676,-0.8617835211244858,65.8,2000.0,False,False,False,False,False,False,False,False,False,False,False,False,False,False,False,False,False,False,False,False,False,False,False,False,False,False,False,False,False,False,False,False,False,True,False,False,False,False,False,False,False,False,False,False,False,False,False,False,False,False,False
-2.033473271775132,-0.8411669321972375,-1.1633002081794566,-1.00631067675686,-0.3445865614946235,-1.148812012263958,86.0,2000.0,False,False,False,False,False,False,False,False,False,False,False,False,False,False,False,False,False,False,False,False,False,False,False,False,False,False,False,False,False,False,False,False,False,False,True,False,False,False,False,False,False,False,False,False,False,False,False,False,False,False,False
0.7839283396108007,-0.0832675061877807,-0.8446571659716782,-0.3368179199697571,-0.7446931994472252,0.2863304434334022,75.2,2000.0,False,False,False,False,False,False,False,False,False,False,False,False,False,False,False,False,False,False,False,False,False,False,False,False,False,False,False,False,False,False,False,False,False,False,False,True,False,False,False,False,False,False,False,False,False,False,False,False,False,False,False
-0.5258433030847873,-0.22762930161815356,-1.2252965654616568,-1.1332501118743377,0.5171815817879025,-0.5213543804706938,75.8,2000.0,False,False,False,False,False,False,False,False,False,False,False,False,False,False,False,False,False,False,False,False,False,False,False,False,False,False,False,False,False,False,False,False,False,False,False,False,True,False,False,False,False,False,False,False,False,False,False,False,False,False,False
-0.36812600188868294,1.324259999258353,-0.8255112321051163,-0.34108682229287024,-0.4369188625606087,0.3731064988941726,69.6,2000.0,False,False,False,False,False,False,False,False,False,False,False,False,False,False,False,False,False,False,False,False,False,False,False,False,False,False,False,False,False,False,False,False,False,False,False,False,False,True,False,False,False,False,False,False,False,False,False,False,False,False,False
0.8772053094257516,-0.0832675061877807,-0.683512222594783,-0.4264648687551331,-0.6215834646925785,0.2663051998655313,78.7,2000.0,False,False,False,False,False,False,False,False,False,False,False,False,False,False,False,False,False,False,False,False,False,False,False,False,False,False,False,False,False,False,False,False,False,False,False,False,False,False,True,False,False,False,False,False,False,False,False,False,False,False,False
-1.3968393287232765,-0.33590064819093274,-0.4254979709644502,-0.21736920024944026,-0.3445865614946235,1.1874664039875582,72.8,2000.0,False,False,False,False,False,False,False,False,False,False,False,False,False,False,False,False,False,False,False,False,False,False,False,False,False,False,False,False,False,False,False,False,False,False,False,False,False,False,False,True,False,False,False,False,False,False,False,False,False,False,False
-0.2547516532999218,-0.2998101993333397,-1.057769644129241,-0.7451827271052974,0.3325169796559327,-0.8417582775566158,58.6,2000.0,False,False,False,False,False,False,False,False,False,False,False,False,False,False,False,False,False,False,False,False,False,False,False,False,False,False,False,False,False,False,False,False,False,False,False,False,False,False,False,False,True,False,False,False,False,False,False,False,False,False,False
-1.847358229093516,-0.7328955856244582,-1.1712776806238574,-0.9348669718398531,0.05552007645797769,-1.4158152598355598,77.6,2000.0,False,False,False,False,False,False,False,False,False,False,False,False,False,False,False,False,False,False,False,False,False,False,False,False,False,False,False,False,False,False,False,False,False,False,False,False,False,False,False,False,False,True,False,False,False,False,False,False,False,False,False
-0.10533354437375565,0.061094289242592165,-1.2280316988711655,-0.8212175156528221,0.14785237752396288,-0.6348307606886243,59.5,2000.0,False,False,False,False,False,False,False,False,False,False,False,False,False,False,False,False,False,False,False,False,False,False,False,False,False,False,False,False,False,False,False,False,False,False,False,False,False,False,False,False,False,False,True,False,False,False,False,False,False,False,False
1.445898673843743,-0.33590064819093274,-1.0217570542373748,-0.4453124752383119,0.7326236176085344,0.6267595840871941,71.0,2000.0,False,False,False,False,False,False,False,False,False,False,False,False,False,False,False,False,False,False,False,False,False,False,False,False,False,False,False,False,False,False,False,False,False,False,False,False,False,False,False,False,False,False,False,True,False,False,False,False,False,False,False
-0.8633470418211127,2.2265212206981824,-1.45709912191753,0.16586546490852838,-1.1140224037111648,1.0072392118767268,82.5,2000.0,False,False,False,False,False,False,False,False,False,False,False,False,False,False,False,False,False,False,False,False,False,False,False,False,False,False,False,False,False,False,False,False,False,False,False,False,False,False,False,False,False,False,False,False,True,False,False,False,False,False,False
-1.8158819034596245,-1.3103427673459491,-0.5579240135415027,-0.3473693577872632,-1.1140224037111648,-2.3303013827682957,81.0,2000.0,False,False,False,False,False,False,False,False,False,False,False,False,False,False,False,False,False,False,False,False,False,False,False,False,False,False,False,False,False,False,False,False,False,False,False,False,False,False,False,False,False,False,False,False,False,True,False,False,False,False,False
0.3020424290405726,-0.9133478299124242,-0.8957129896158429,0.2661443968382617,-1.0524675363338418,-0.007373128895360159,76.9,2000.0,False,False,False,False,False,False,False,False,False,False,False,False,False,False,False,False,False,False,False,False,False,False,False,False,False,False,False,False,False,False,False,False,False,False,False,False,False,False,False,False,False,False,False,False,False,False,True,False,False,False,False
0.1482005414019131,1.4325313458311328,-1.0016994092343101,0.171181456480707,-0.7446931994472252,0.593384178140744,73.7,2000.0,False,False,False,False,False,False,False,False,False,False,False,False,False,False,False,False,False,False,False,False,False,False,False,False,False,False,False,False,False,False,False,False,False,False,False,False,False,False,False,False,False,False,False,False,False,False,False,True,False,False,False
-0.9672927762928176,-0.7328955856244582,-0.8248274487527392,-1.5236533111220623,1.5020594598250752,-1.802969968814382,76.7,2000.0,False,False,False,False,False,False,False,False,False,False,False,False,False,False,False,False,False,False,False,False,False,False,False,False,False,False,False,False,False,False,False,False,False,False,False,False,False,False,False,False,False,False,False,False,False,False,False,False,True,False,False
0.19124005866704236,-0.4080815459061195,-0.675762677934508,-0.03807530267868822,-1.3294644395317967,-0.32110194479199244,82.7,2000.0,False,False,False,False,False,False,False,False,False,False,False,False,False,False,False,False,False,False,False,False,False,False,False,False,False,False,False,False,False,False,False,False,False,False,False,False,False,False,False,False,False,False,False,False,False,False,False,False,False,True,False
-1.9952663133918631,-0.8772573810548305,-0.7626031636864132,-0.6598046806430345,-0.49847372993793176,-0.5347045428492742,76.3,2000.0,False,False,False,False,False,False,False,False,False,False,False,False,False,False,False,False,False,False,False,False,False,False,False,False,False,False,False,False,False,False,False,False,False,False,False,False,False,False,False,False,False,False,False,False,False,False,False,False,False,False,True
0.15276368295794926,0.7468128175368628,-0.48316370034826134,-1.391397884432406,1.8098337967116918,-0.9418844953959665,71.8,2010.0,True,False,False,False,False,False,False,False,False,False,False,False,False,False,False,False,False,False,False,False,False,False,False,False,False,False,False,False,False,False,False,False,False,False,False,False,False,False,False,False,False,False,False,False,False,False,False,False,False,False,False
-0.9444822895818508,0.7829032663944552,1.3441333449877617,0.5497444926813065,-0.6215834646925785,-0.4746288121456633,75.5,2010.0,False,True,False,False,False,False,False,False,False,False,False,False,False,False,False,False,False,False,False,False,False,False,False,False,False,False,False,False,False,False,False,False,False,False,False,False,False,False,False,False,False,False,False,False,False,False,False,False,False,False,False
0.36976467122580015,2.443063913843742,-0.5734231028620527,-0.8839623252699003,1.4097271587590912,1.1140405109053673,74.7,2010.0,False,False,True,False,False,False,False,False,False,False,False,False,False,False,False,False,False,False,False,False,False,False,False,False,False,False,False,False,False,False,False,False,False,False,False,False,False,False,False,False,False,False,False,False,False,False,False,False,False,False,False
-0.19991567733684795,-1.526885460491508,-0.29398363952390066,-1.568597603505027,1.7482789293343688,-1.1287867686960875,75.0,2010.0,False,False,False,True,False,False,False,False,False,False,False,False,False,False,False,False,False,False,False,False,False,False,False,False,False,False,False,False,False,False,False,False,False,False,False,False,False,False,False,False,False,False,False,False,False,False,False,False,False,False,False
2.1891333930975656,2.912239748992454,-0.3514214411235861,-0.006018262591914047,0.8557333523631812,1.4611447327484497,78.2,2010.0,False,False,False,False,True,False,False,False,False,False,False,False,False,False,False,False,False,False,False,False,False,False,False,False,False,False,False,False,False,False,False,False,False,False,False,False,False,False,False,False,False,False,False,False,False,False,False,False,False,False,False
0.26776356119656436,0.7829032663944552,-0.3981466368693619,-0.3040359719413222,0.05552007645797769,0.8737375880909259,79.8,2010.0,False,False,False,False,False,True,False,False,False,False,False,False,False,False,False,False,False,False,False,False,False,False,False,False,False,False,False,False,False,False,False,False,False,False,False,False,False,False,False,False,False,False,False,False,False,False,False,False,False,False,False
0.39694412601435747,-0.8772573810548305,1.105037099439865,0.5014172965705918,-0.8985803678905335,0.9938890494981466,75.1,2010.0,False,False,False,False,False,False,True,False,False,False,False,False,False,False,False,False,False,False,False,False,False,False,False,False,False,False,False,False,False,False,False,False,False,False,False,False,False,False,False,False,False,False,False,False,False,False,False,False,False,False,False
-1.2012037973622702,-0.04717705733018764,0.37475647910100784,-0.1590543836091777,-0.3445865614946235,0.6801602336015143,75.5,2010.0,False,False,False,False,False,False,False,True,False,False,False,False,False,False,False,False,False,False,False,False,False,False,False,False,False,False,False,False,False,False,False,False,False,False,False,False,False,False,False,False,False,False,False,False,False,False,False,False,False,False,False
-1.3186253428888866,-1.490795011633915,2.2084355023925517,0.2517267833318984,1.7790563630230307,1.794898792212952,59.9,2010.0,False,False,False,False,False,False,False,False,True,False,False,False,False,False,False,False,False,False,False,False,False,False,False,False,False,False,False,False,False,False,False,False,False,False,False,False,False,False,False,False,False,False,False,False,False,False,False,False,False,False,False
1.3420734494988873,1.1438077549703871,-0.49547180069105107,-1.0772711097127596,1.0711753881838126,1.2074916475554283,70.8,2010.0,False,False,False,False,False,False,False,False,False,True,False,False,False,False,False,False,False,False,False,False,False,False,False,False,False,False,False,False,False,False,False,False,False,False,False,False,False,False,False,False,False,False,False,False,False,False,False,False,False,False,False
0.9467744887117506,0.025003840384999112,-0.33637820737128754,-0.9161804560103768,1.5328368935137373,0.1328035760797304,69.9,2010.0,False,False,False,False,False,False,False,False,False,False,True,False,False,False,False,False,False,False,False,False,False,False,False,False,False,False,False,False,False,False,False,False,False,False,False,False,False,False,False,False,False,False,False,False,False,False,False,False,False,False,False
-0.9922087137141176,0.27763698238815115,0.31709074971719675,0.42087196971940033,-0.5908060310039169,1.2542172158804588,75.4,2010.0,False,False,False,False,False,False,False,False,False,False,False,True,False,False,False,False,False,False,False,False,False,False,False,False,False,False,False,False,False,False,False,False,False,False,False,False,False,False,False,False,False,False,False,False,False,False,False,False,False,False,False
-0.9891681382150755,0.7829032663944552,-0.8378193324479061,-1.1497619038788318,0.8557333523631812,-0.16757507743832162,84.0,2010.0,False,False,False,False,False,False,False,False,False,False,False,False,True,False,False,False,False,False,False,False,False,False,False,False,False,False,False,False,False,False,False,False,False,False,False,False,False,False,False,False,False,False,False,False,False,False,False,False,False,False,False
1.3629368044755301,0.025003840384999112,0.3968654741612042,-0.38458129879251357,0.24018467858994805,1.0272644554445969,81.9,2010.0,False,False,False,False,False,False,False,False,False,False,False,False,False,True,False,False,False,False,False,False,False,False,False,False,False,False,False,False,False,False,False,False,False,False,False,False,False,False,False,False,False,False,False,False,False,False,False,False,False,False,False
0.510440706156629,0.8550841641096426,-0.29626291736515803,-1.0611620443425214,0.7018461839198729,-0.04742361603110005,77.2,2010.0,False,False,False,False,False,False,False,False,False,False,False,False,False,False,True,False,False,False,False,False,False,False,False,False,False,False,False,False,False,False,False,False,False,False,False,False,False,False,False,False,False,False,False,False,False,False,False,False,False,False,False
-0.11582456347788556,-0.7328955856244582,-0.17660083069914678,-0.7873079330484706,-0.1599219593626537,-0.6081304359314642,87.9,2010.0,False,False,False,False,False,False,False,False,False,False,False,False,False,False,False,True,False,False,False,False,False,False,False,False,False,False,False,False,False,False,False,False,False,False,False,False,False,False,False,False,False,False,False,False,False,False,False,False,False,False,False
-0.20417952324665592,-0.4080815459061195,-0.06742342210291939,-0.7631443349931131,0.14785237752396288,0.07272784537612058,84.5,2010.0,False,False,False,False,False,False,False,False,False,False,False,False,False,False,False,False,True,False,False,False,False,False,False,False,False,False,False,False,False,False,False,False,False,False,False,False,False,False,False,False,False,False,False,False,False,False,False,False,False,False,False
0.07780586792916079,2.4069734649861485,-0.2205908930354138,-1.4236160151728825,1.8098337967116918,-0.9819349825317069,79.9,2010.0,False,False,False,False,False,False,False,False,False,False,False,False,False,False,False,False,False,True,False,False,False,False,False,False,False,False,False,False,False,False,False,False,False,False,False,False,False,False,False,False,False,False,False,False,False,False,False,False,False,False,False
0.23861193754880686,-0.44417199476371255,-0.0029198591953361924,-1.2303072307300231,1.7790563630230307,0.005977033483220121,68.8,2010.0,False,False,False,False,False,False,False,False,False,False,False,False,False,False,False,False,False,False,True,False,False,False,False,False,False,False,False,False,False,False,False,False,False,False,False,False,False,False,False,False,False,False,False,False,False,False,False,False,False,False,False
-0.8505156308616995,-1.3464332162035422,0.580803195950673,-0.9645076521210916,0.024742642769316144,-2.2969259768218455,82.8,2010.0,False,False,False,False,False,False,False,False,False,False,False,False,False,False,False,False,False,False,False,True,False,False,False,False,False,False,False,False,False,False,False,False,False,False,False,False,False,False,False,False,False,False,False,False,False,False,False,False,False,False,False
0.6688432291440397,0.20545608467296503,0.7975625186542475,0.8960893981414295,-0.9601352352678566,0.9404883999838264,82.2,2010.0,False,False,False,False,False,False,False,False,False,False,False,False,False,False,False,False,False,False,False,False,True,False,False,False,False,False,False,False,False,False,False,False,False,False,False,False,False,False,False,False,False,False,False,False,False,False,False,False,False,False,False
0.7893915099029742,-0.7689860344820514,0.9320399112884317,0.3483811755533281,-0.49847372993793176,1.2608922970697485,82.6,2010.0,False,False,False,False,False,False,False,False,False,False,False,False,False,False,False,False,False,False,False,False,False,True,False,False,False,False,False,False,False,False,False,False,False,False,False,False,False,False,False,False,False,False,False,False,False,False,False,False,False,False,False
1.01725937115467,1.4325313458311328,0.07799450416929998,-0.9967257828615682,1.1327302555611356,0.09942817013328019,75.9,2010.0,False,False,False,False,False,False,False,False,False,False,False,False,False,False,False,False,False,False,False,False,False,False,True,False,False,False,False,False,False,False,False,False,False,False,False,False,False,False,False,False,False,False,False,False,False,False,False,False,False,False,False
0.44982412254168447,0.7107223686792691,-0.009757692719108263,-0.1832179816645351,-0.4676962962492702,0.012652114672509786,88.2,2010.0,False,False,False,False,False,False,False,False,False,False,False,False,False,False,False,False,False,False,False,False,False,False,False,True,False,False,False,False,False,False,False,False,False,False,False,False,False,False,False,False,False,False,False,False,False,False,False,False,False,False,False
-0.3679475883654899,-0.0832675061877807,-0.6755347501503822,-1.681361061096695,2.8870439758148496,-1.5826922895678108,63.8,2010.0,False,False,False,False,False,False,False,False,False,False,False,False,False,False,False,False,False,False,False,False,False,False,False,False,True,False,False,False,False,False,False,False,False,False,False,False,False,False,False,False,False,False,False,False,False,False,False,False,False,False,False
0.4267779744402846,-0.4080815459061195,-0.24019268247022704,-1.0853256423978788,0.7018461839198729,-0.18092523981690095,83.7,2010.0,False,False,False,False,False,False,False,False,False,False,False,False,False,False,False,False,False,False,False,False,False,False,False,False,False,True,False,False,False,False,False,False,False,False,False,False,False,False,False,False,False,False,False,False,False,False,False,False,False,False,False
-1.2790588563782168,-0.9494382787700173,-0.05671081624900982,-1.2141981653597849,0.6710687502312108,-1.148812012263958,81.9,2010.0,False,False,False,False,False,False,False,False,False,False,False,False,False,False,False,False,False,False,False,False,False,False,False,False,False,False,True,False,False,False,False,False,False,False,False,False,False,False,False,False,False,False,False,False,False,False,False,False,False,False,False
-0.5349991099052608,-0.9133478299124242,0.10671340496914268,-0.7550898023079939,-0.12914452567399212,-0.0006980477060704933,83.8,2010.0,False,False,False,False,False,False,False,False,False,False,False,False,False,False,False,False,False,False,False,False,False,False,False,False,False,False,False,True,False,False,False,False,False,False,False,False,False,False,False,False,False,False,False,False,False,False,False,False,False,False,False
-0.43719278573582293,2.443063913843742,-0.5216834958655107,-0.5456719524948964,0.5479590154765646,1.4077440832341297,57.8,2010.0,False,False,False,False,False,False,False,False,False,False,False,False,False,False,False,False,False,False,False,False,False,False,False,False,False,False,False,False,True,False,False,False,False,False,False,False,False,False,False,False,False,False,False,False,False,False,False,False,False,False,False
-0.7986170536212757,-0.9133478299124242,0.4960140602558993,0.25978131601701754,-1.3602418732204584,-0.855108439935196,86.3,2010.0,False,False,False,False,False,False,False,False,False,False,False,False,False,False,False,False,False,False,False,False,False,False,False,False,False,False,False,False,False,True,False,False,False,False,False,False,False,False,False,False,False,False,False,False,False,False,False,False,False,False,False
1.2957473554026027,-0.6607146879092716,1.5134836885931835,0.7994350059199998,-0.8678029342018719,1.4411194891805799,87.2,2010.0,False,False,False,False,False,False,False,False,False,False,False,False,False,False,False,False,False,False,False,False,False,False,False,False,False,False,False,False,False,False,True,False,False,False,False,False,False,False,False,False,False,False,False,False,False,False,False,False,False,False,False
-0.4864908854914355,0.09718473810018523,-0.36281783032987286,-1.2625253614704997,2.0868306999096475,0.2863304434334022,67.3,2010.0,False,False,False,False,False,False,False,False,False,False,False,False,False,False,False,False,False,False,False,False,False,False,False,False,False,False,False,False,False,False,False,True,False,False,False,False,False,False,False,False,False,False,False,False,False,False,False,False,False,False,False
2.0217991555275114,-0.4802624436213056,1.9602221454796254,-0.29598143925620307,0.6095138828538877,0.987213968308857,76.0,2010.0,False,False,False,False,False,False,False,False,False,False,False,False,False,False,False,False,False,False,False,False,False,False,False,False,False,False,False,False,False,False,False,False,True,False,False,False,False,False,False,False,False,False,False,False,False,False,False,False,False,False,False
0.6855325392607274,0.025003840384999112,-0.5861870587730938,-1.16587096924907,1.348172291381767,-0.46795373095637366,76.9,2010.0,False,False,False,False,False,False,False,False,False,False,False,False,False,False,False,False,False,False,False,False,False,False,False,False,False,False,False,False,False,False,False,False,False,True,False,False,False,False,False,False,False,False,False,False,False,False,False,False,False,False,False
-1.6046791551827246,-1.3825236650611352,-0.20782693712437258,-0.7309262042526365,-0.1599219593626537,-0.8818087646923561,88.4,2010.0,False,False,False,False,False,False,False,False,False,False,False,False,False,False,False,False,False,False,False,False,False,False,False,False,False,False,False,False,False,False,False,False,False,False,True,False,False,False,False,False,False,False,False,False,False,False,False,False,False,False,False
1.18737498513315,0.31372743124574487,0.14500527270226626,-1.0208893809169255,0.8557333523631812,0.3197058493798524,81.4,2010.0,False,False,False,False,False,False,False,False,False,False,False,False,False,False,False,False,False,False,False,False,False,False,False,False,False,False,False,False,False,False,False,False,False,False,False,True,False,False,False,False,False,False,False,False,False,False,False,False,False,False,False
-0.12238139050721512,-0.4802624436213056,-0.6862473560042919,-1.2625253614704997,1.1635076892497977,-0.46127864976708305,78.5,2010.0,False,False,False,False,False,False,False,False,False,False,False,False,False,False,False,False,False,False,False,False,False,False,False,False,False,False,False,False,False,False,False,False,False,False,False,False,True,False,False,False,False,False,False,False,False,False,False,False,False,False,False
-0.05797699199789601,1.9377976298374382,-0.19597469234983433,-0.9000713906401385,0.8557333523631812,0.5266333662478434,76.3,2010.0,False,False,False,False,False,False,False,False,False,False,False,False,False,False,False,False,False,False,False,False,False,False,False,False,False,False,False,False,False,False,False,False,False,False,False,False,False,True,False,False,False,False,False,False,False,False,False,False,False,False,False
1.2921640216480785,-0.4802624436213056,0.5133365718494551,-0.6825990081419218,0.11707494383530133,0.3731064988941726,84.1,2010.0,False,False,False,False,False,False,False,False,False,False,False,False,False,False,False,False,False,False,False,False,False,False,False,False,False,False,False,False,False,False,False,False,False,False,False,False,False,False,True,False,False,False,False,False,False,False,False,False,False,False,False
-0.9784678255417435,-1.0216191764852034,1.0615028926718495,-0.44096302758834754,0.3325169796559327,1.174116241608978,76.4,2010.0,False,False,False,False,False,False,False,False,False,False,False,False,False,False,False,False,False,False,False,False,False,False,False,False,False,False,False,False,False,False,False,False,False,False,False,False,False,False,False,True,False,False,False,False,False,False,False,False,False,False,False
0.1918690502002059,0.38590832896093097,-0.35461243010134635,-1.2705798941556188,1.5636143272023995,-0.4546035685777934,68.2,2010.0,False,False,False,False,False,False,False,False,False,False,False,False,False,False,False,False,False,False,False,False,False,False,False,False,False,False,False,False,False,False,False,False,False,False,False,False,False,False,False,False,True,False,False,False,False,False,False,False,False,False,False
-1.511588740123436,-0.6246242390516784,-0.42982859886283914,-0.9564531194359724,0.486404148099241,-1.0954113627496374,81.8,2010.0,False,False,False,False,False,False,False,False,False,False,False,False,False,False,False,False,False,False,False,False,False,False,False,False,False,False,False,False,False,False,False,False,False,False,False,False,False,False,False,False,False,True,False,False,False,False,False,False,False,False,False
0.27707230692035145,0.34981788010333725,-0.6365590990648814,-1.3108525575812147,1.4712820261364143,-0.44792848738850277,80.4,2010.0,False,False,False,False,False,False,False,False,False,False,False,False,False,False,False,False,False,False,False,False,False,False,False,False,False,False,False,False,False,False,False,False,False,False,False,False,False,False,False,False,False,False,True,False,False,False,False,False,False,False,False
1.942610156518319,-0.5524433413364923,-0.4031610481201281,-0.7389807369377557,1.5020594598250752,0.7736113702515753,78.9,2010.0,False,False,False,False,False,False,False,False,False,False,False,False,False,False,False,False,False,False,False,False,False,False,False,False,False,False,False,False,False,False,False,False,False,False,False,False,False,False,False,False,False,False,False,True,False,False,False,False,False,False,False
-0.3399555693628783,2.7317875047044877,-1.0058021093485732,-0.24765424314548823,0.08629751014663978,1.1674411604196875,78.6,2010.0,False,False,False,False,False,False,False,False,False,False,False,False,False,False,False,False,False,False,False,False,False,False,False,False,False,False,False,False,False,False,False,False,False,False,False,False,False,False,False,False,False,False,False,False,True,False,False,False,False,False,False
-1.3288109555769767,-1.77951860249466,1.2176334247979785,-0.6745444754568026,-0.19069939305131522,-2.2835758144432656,91.4,2010.0,False,False,False,False,False,False,False,False,False,False,False,False,False,False,False,False,False,False,False,False,False,False,False,False,False,False,False,False,False,False,False,False,False,False,False,False,False,False,False,False,False,False,False,False,False,True,False,False,False,False,False
0.7602492185912971,1.1438077549703871,0.028078319445763864,0.23561771796166012,-0.5908060310039169,0.15950390083689098,81.2,2010.0,False,False,False,False,False,False,False,False,False,False,False,False,False,False,False,False,False,False,False,False,False,False,False,False,False,False,False,False,False,False,False,False,False,False,False,False,False,False,False,False,False,False,False,False,False,False,True,False,False,False,False
0.540392104215332,1.8656167321222508,-0.24406745480036457,-0.17516344897941596,0.14785237752396288,0.7335608831158345,77.2,2010.0,False,False,False,False,False,False,False,False,False,False,False,False,False,False,False,False,False,False,False,False,False,False,False,False,False,False,False,False,False,False,False,False,False,False,False,False,False,False,False,False,False,False,False,False,False,False,False,True,False,False,False
-0.5828249118281221,-0.22762930161815356,0.21839801919075316,-1.5766521361901462,1.5943917608910605,-1.6294178578928409,78.3,2010.0,False,False,False,False,False,False,False,False,False,False,False,False,False,False,False,False,False,False,False,False,False,False,False,False,False,False,False,False,False,False,False,False,False,False,False,False,False,False,False,False,False,False,False,False,False,False,False,False,True,False,False
0.4777034904378098,-0.04717705733018764,0.1675701233307141,-0.7067626061972792,0.05552007645797769,-0.19427540219548123,91.1,2010.0,False,False,False,False,False,False,False,False,False,False,False,False,False,False,False,False,False,False,False,False,False,False,False,False,False,False,False,False,False,False,False,False,False,False,False,False,False,False,False,False,False,False,False,False,False,False,False,False,False,True,False
-1.2456766826356231,-1.0938000742003902,1.1570046342205327,-0.3443086353669179,-0.49847372993793176,-0.5547297864171441,80.3,2010.0,False,False,False,False,False,False,False,False,False,False,False,False,False,False,False,False,False,False,False,False,False,False,False,False,False,False,False,False,False,False,False,False,False,False,False,False,False,False,False,False,False,False,False,False,False,False,False,False,False,False,True
0.2418789704603446,0.7107223686792691,-0.13101527387399967,-0.31104341537737584,0.7634010512971959,-1.0286605508567368,90.6,2020.0,True,False,False,False,False,False,False,False,False,False,False,False,False,False,False,False,False,False,False,False,False,False,False,False,False,False,False,False,False,False,False,False,False,False,False,False,False,False,False,False,False,False,False,False,False,False,False,False,False,False,False
-0.8473422198691495,0.6746319198216767,2.0039842800317667,1.6165673468253365,-0.8985803678905335,-0.5480547052278535,79.1,2020.0,False,True,False,False,False,False,False,False,False,False,False,False,False,False,False,False,False,False,False,False,False,False,False,False,False,False,False,False,False,False,False,False,False,False,False,False,False,False,False,False,False,False,False,False,False,False,False,False,False,False,False
0.5507413868413905,2.8400588512772678,-0.3669205304441361,0.9086544691302154,0.14785237752396288,1.080665104958917,77.3,2020.0,False,False,True,False,False,False,False,False,False,False,False,False,False,False,False,False,False,False,False,False,False,False,False,False,False,False,False,False,False,False,False,False,False,False,False,False,False,False,False,False,False,False,False,False,False,False,False,False,False,False,False
-0.0706199170882258,-1.0216191764852034,-0.026624348744412704,-0.4225986930662759,0.9788430871178273,-1.175512337021118,88.8,2020.0,False,False,False,True,False,False,False,False,False,False,False,False,False,False,False,False,False,False,False,False,False,False,False,False,False,False,False,False,False,False,False,False,False,False,False,False,False,False,False,False,False,False,False,False,False,False,False,False,False,False,False
2.562361637136751,2.5152448115589285,0.7606382176258784,2.18537844504845,-0.37536399518328506,1.4077440832341297,84.3,2020.0,False,False,False,False,True,False,False,False,False,False,False,False,False,False,False,False,False,False,False,False,False,False,False,False,False,False,False,False,False,False,False,False,False,False,False,False,False,False,False,False,False,False,False,False,False,False,False,False,False,False,False
0.6410561358759294,0.42199877781852335,0.3781753958628939,1.9716916929122394,-1.1447998373998265,0.8603874257123457,81.9,2020.0,False,False,False,False,False,True,False,False,False,False,False,False,False,False,False,False,False,False,False,False,False,False,False,False,False,False,False,False,False,False,False,False,False,False,False,False,False,False,False,False,False,False,False,False,False,False,False,False,False,False,False
0.5880307232695594,-1.2020714207731693,2.4126587969692106,2.0938789537454965,-0.929357801579195,0.8804126692802157,88.3,2020.0,False,False,False,False,False,False,True,False,False,False,False,False,False,False,False,False,False,False,False,False,False,False,False,False,False,False,False,False,False,False,False,False,False,False,False,False,False,False,False,False,False,False,False,False,False,False,False,False,False,False,False
-1.0427819231668538,-0.4802624436213056,0.7914084684828527,1.07256420927239,-0.5292511636265933,0.6334346652764838,89.0,2020.0,False,False,False,False,False,False,False,True,False,False,False,False,False,False,False,False,False,False,False,False,False,False,False,False,False,False,False,False,False,False,False,False,False,False,False,False,False,False,False,False,False,False,False,False,False,False,False,False,False,False,False
-0.8076850624539962,-1.3103427673459491,3.3218627278467703,2.6026837834644727,0.14785237752396288,1.794898792212952,73.0,2020.0,False,False,False,False,False,False,False,False,True,False,False,False,False,False,False,False,False,False,False,False,False,False,False,False,False,False,False,False,False,False,False,False,False,False,False,False,False,False,False,False,False,False,False,False,False,False,False,False,False,False,False
1.5420467603594818,0.5302701243913032,-0.16611615262936294,0.4258657799841742,-0.09836709198533058,1.227516891123298,90.2,2020.0,False,False,False,False,False,False,False,False,False,True,False,False,False,False,False,False,False,False,False,False,False,False,False,False,False,False,False,False,False,False,False,False,False,False,False,False,False,False,False,False,False,False,False,False,False,False,False,False,False,False,False
1.1990597237309706,-0.26371975047574664,0.15457823963554718,0.7075327879827905,0.08629751014663978,0.06605276418682995,83.8,2020.0,False,False,False,False,False,False,False,False,False,False,True,False,False,False,False,False,False,False,False,False,False,False,False,False,False,False,False,False,False,False,False,False,False,False,False,False,False,False,False,False,False,False,False,False,False,False,False,False,False,False,False
-0.6411334536700384,-0.33590064819093274,1.489779199044107,2.1813511787058903,-1.1447998373998265,0.8670625069016353,86.3,2020.0,False,False,False,False,False,False,False,False,False,False,False,True,False,False,False,False,False,False,False,False,False,False,False,False,False,False,False,False,False,False,False,False,False,False,False,False,False,False,False,False,False,False,False,False,False,False,False,False,False,False,False
-0.7143143117383101,0.8550841641096426,-0.5105150344433496,0.7006864352004392,-0.5600285973152554,-0.26102621408838167,82.2,2020.0,False,False,False,False,False,False,False,False,False,False,False,False,True,False,False,False,False,False,False,False,False,False,False,False,False,False,False,False,False,False,False,False,False,False,False,False,False,False,False,False,False,False,False,False,False,False,False,False,False,False,False
1.6498500696107066,-0.4080815459061195,1.745970028401434,1.1622917033846172,-0.4676962962492702,0.9204631564159564,88.0,2020.0,False,False,False,False,False,False,False,False,False,False,False,False,False,True,False,False,False,False,False,False,False,False,False,False,False,False,False,False,False,False,False,False,False,False,False,False,False,False,False,False,False,False,False,False,False,False,False,False,False,False,False
0.6339306015323734,0.45808922667611707,0.046312542175822716,0.40017182071864416,-0.3445865614946235,-0.1275245903025808,90.9,2020.0,False,False,False,False,False,False,False,False,False,False,False,False,False,False,True,False,False,False,False,False,False,False,False,False,False,False,False,False,False,False,False,False,False,False,False,False,False,False,False,False,False,False,False,False,False,False,False,False,False,False,False
0.1370502820930522,-0.44417199476371255,0.46889065394493673,0.630289819532498,-0.5600285973152554,-0.6615310854457844,91.8,2020.0,False,False,False,False,False,False,False,False,False,False,False,False,False,False,False,True,False,False,False,False,False,False,False,False,False,False,False,False,False,False,False,False,False,False,False,False,False,False,False,False,False,False,False,False,False,False,False,False,False,False,False
0.10676824474701628,-0.7689860344820514,0.3601691009169608,0.5114049171001395,-0.49847372993793176,-0.054098697220390665,88.2,2020.0,False,False,False,False,False,False,False,False,False,False,False,False,False,False,False,False,True,False,False,False,False,False,False,False,False,False,False,False,False,False,False,False,False,False,False,False,False,False,False,False,False,False,False,False,False,False,False,False,False,False,False
0.2991341732248517,0.24154653353055744,0.43857625865621386,-0.17733817280439815,1.0096205208064895,-0.9619097389638365,91.1,2020.0,False,False,False,False,False,False,False,False,False,False,False,False,False,False,False,False,False,True,False,False,False,False,False,False,False,False,False,False,False,False,False,False,False,False,False,False,False,False,False,False,False,False,False,False,False,False,False,False,False,False,False
0.3310854664384528,0.9633555106824211,0.23799980862556644,-0.4581191822076513,1.840611230400354,-0.10749934673471083,82.9,2020.0,False,False,False,False,False,False,False,False,False,False,False,False,False,False,False,False,False,False,True,False,False,False,False,False,False,False,False,False,False,False,False,False,False,False,False,False,False,False,False,False,False,False,False,False,False,False,False,False,False,False,False
-0.6610457718229577,-1.274252318488356,1.4831692933044607,0.5631955622654555,-0.65236089838124,-2.3036010580111355,87.4,2020.0,False,False,False,False,False,False,False,False,False,False,False,False,False,False,False,False,False,False,False,True,False,False,False,False,False,False,False,False,False,False,False,False,False,False,False,False,False,False,False,False,False,False,False,False,False,False,False,False,False,False,False
0.8744147694607723,-0.33590064819093274,1.3808297182320053,2.6119464960523597,-1.2371321384658116,0.8336871009551852,86.8,2020.0,False,False,False,False,False,False,False,False,False,False,False,False,False,False,False,False,False,False,False,False,True,False,False,False,False,False,False,False,False,False,False,False,False,False,False,False,False,False,False,False,False,False,False,False,False,False,False,False,False,False,False
1.0553721940627647,-1.0577096253427964,2.180400384945086,2.567002203669395,-1.1140224037111648,1.214166728744718,89.0,2020.0,False,False,False,False,False,False,False,False,False,False,False,False,False,False,False,False,False,False,False,False,False,True,False,False,False,False,False,False,False,False,False,False,False,False,False,False,False,False,False,False,False,False,False,False,False,False,False,False,False,False,False
1.0986898196778223,0.6746319198216767,0.5176671997478441,0.46098354249129364,-0.006034790919345401,0.026002277051090067,82.1,2020.0,False,False,False,False,False,False,False,False,False,False,False,False,False,False,False,False,False,False,False,False,False,False,True,False,False,False,False,False,False,False,False,False,False,False,False,False,False,False,False,False,False,False,False,False,False,False,False,False,False,False,False
0.8079510638910872,0.13327518695777893,0.7102661773340908,1.6064991809689375,-1.2371321384658116,-0.08079902197755028,83.8,2020.0,False,False,False,False,False,False,False,False,False,False,False,False,False,False,False,False,False,False,False,False,False,False,False,True,False,False,False,False,False,False,False,False,False,False,False,False,False,False,False,False,False,False,False,False,False,False,False,False,False,False,False
-0.2224237448589244,-0.33590064819093274,-0.27552148900971607,-0.7296374790230175,2.025275832532324,-1.7896198064358024,87.7,2020.0,False,False,False,False,False,False,False,False,False,False,False,False,False,False,False,False,False,False,False,False,False,False,False,False,True,False,False,False,False,False,False,False,False,False,False,False,False,False,False,False,False,False,False,False,False,False,False,False,False,False,False
0.5779735513211445,-0.9133478299124242,0.19400974628929946,0.32800320785997666,-0.03681222460800695,-0.24100097052051173,89.5,2020.0,False,False,False,False,False,False,False,False,False,False,False,False,False,False,False,False,False,False,False,False,False,False,False,False,False,True,False,False,False,False,False,False,False,False,False,False,False,False,False,False,False,False,False,False,False,False,False,False,False,False,False
-1.0234488019968346,-0.6246242390516784,0.3647276565994755,0.44092775610534696,-0.12914452567399212,-1.315689041996209,85.9,2020.0,False,False,False,False,False,False,False,False,False,False,False,False,False,False,False,False,False,False,False,False,False,False,False,False,False,False,True,False,False,False,False,False,False,False,False,False,False,False,False,False,False,False,False,False,False,False,False,False,False,False,False
-0.2631356553868248,-0.7328955856244582,0.6740256596580988,0.7283134823103978,-0.9601352352678566,-0.007373128895360159,87.5,2020.0,False,False,False,False,False,False,False,False,False,False,False,False,False,False,False,False,False,False,False,False,False,False,False,False,False,False,False,True,False,False,False,False,False,False,False,False,False,False,False,False,False,False,False,False,False,False,False,False,False,False,False
-0.12726398615244225,1.3603504481159467,-0.26868365548594403,0.6845773698302009,-0.1599219593626537,1.401069002044839,82.6,2020.0,False,False,False,False,False,False,False,False,False,False,False,False,False,False,False,False,False,False,False,False,False,False,False,False,False,False,False,False,True,False,False,False,False,False,False,False,False,False,False,False,False,False,False,False,False,False,False,False,False,False,False
-0.635751172317025,-1.3103427673459491,1.5071017106376627,2.471958717984989,-1.76034851117306,-0.988610063720997,88.1,2020.0,False,False,False,False,False,False,False,False,False,False,False,False,False,False,False,False,False,False,False,False,False,False,False,False,False,False,False,False,False,True,False,False,False,False,False,False,False,False,False,False,False,False,False,False,False,False,False,False,False,False,False
1.509092955561687,-1.3103427673459491,2.5118073830639056,2.5388918845983293,-1.1755772710884884,1.381043758476969,91.0,2020.0,False,False,False,False,False,False,False,False,False,False,False,False,False,False,False,False,False,False,False,False,False,False,False,False,False,False,False,False,False,False,True,False,False,False,False,False,False,False,False,False,False,False,False,False,False,False,False,False,False,False,False
-0.33622705107570877,-0.1915388527605605,0.13224131679122508,-0.30468033455613175,1.5943917608910605,0.09275308894399052,76.9,2020.0,False,False,False,False,False,False,False,False,False,False,False,False,False,False,False,False,False,False,False,False,False,False,False,False,False,False,False,False,False,False,False,True,False,False,False,False,False,False,False,False,False,False,False,False,False,False,False,False,False,False,False
2.2646590555683406,-1.2020714207731693,3.571671579248577,1.3321617977137796,-0.006034790919345401,0.9538385623624067,83.5,2020.0,False,False,False,False,False,False,False,False,False,False,False,False,False,False,False,False,False,False,False,False,False,False,False,False,False,False,False,False,False,False,False,False,True,False,False,False,False,False,False,False,False,False,False,False,False,False,False,False,False,False,False
0.9181498759013902,-0.0832675061877807,-0.13671346847714305,0.3380713737163756,0.17862981121262442,-0.42790324382063283,87.6,2020.0,False,False,False,False,False,False,False,False,False,False,False,False,False,False,False,False,False,False,False,False,False,False,False,False,False,False,False,False,False,False,False,False,False,True,False,False,False,False,False,False,False,False,False,False,False,False,False,False,False,False,False
-1.1121764524011573,-1.1659809719155763,0.7458229116577055,0.7043109749087428,-0.7446931994472252,-0.8083828716101655,89.0,2020.0,False,False,False,False,False,False,False,False,False,False,False,False,False,False,False,False,False,False,False,False,False,False,False,False,False,False,False,False,False,False,False,False,False,False,True,False,False,False,False,False,False,False,False,False,False,False,False,False,False,False,False
1.3250773688963593,0.061094289242592165,0.6225139804456826,0.3614295185032211,0.024742642769316144,0.21290455035121114,84.4,2020.0,False,False,False,False,False,False,False,False,False,False,False,False,False,False,False,False,False,False,False,False,False,False,False,False,False,False,False,False,False,False,False,False,False,False,False,True,False,False,False,False,False,False,False,False,False,False,False,False,False,False,False
0.1387016651969771,0.16936563581537134,-0.32954037384751544,-0.15696020511104672,0.6710687502312108,-0.5680799487957243,80.8,2020.0,False,False,False,False,False,False,False,False,False,False,False,False,False,False,False,False,False,False,False,False,False,False,False,False,False,False,False,False,False,False,False,False,False,False,False,False,True,False,False,False,False,False,False,False,False,False,False,False,False,False,False
0.3684196379410055,1.6129835901190988,0.6020004798743663,1.1105010582193011,-0.49847372993793176,0.49325796030139324,82.6,2020.0,False,False,False,False,False,False,False,False,False,False,False,False,False,False,False,False,False,False,False,False,False,False,False,False,False,False,False,False,False,False,False,False,False,False,False,False,False,True,False,False,False,False,False,False,False,False,False,False,False,False,False
1.529912061243706,-0.6607146879092716,1.5980448965038314,0.9006804817719475,-0.31380912780596193,0.22625471272979142,87.4,2020.0,False,False,False,False,False,False,False,False,False,False,False,False,False,False,False,False,False,False,False,False,False,False,False,False,False,False,False,False,False,False,False,False,False,False,False,False,False,False,True,False,False,False,False,False,False,False,False,False,False,False,False
-0.7875899735186257,-0.8411669321972375,1.7696745179505105,1.3075149276973153,-0.6831383320699016,1.2008165663661376,83.6,2020.0,False,False,False,False,False,False,False,False,False,False,False,False,False,False,False,False,False,False,False,False,False,False,False,False,False,False,False,False,False,False,False,False,False,False,False,False,False,False,False,True,False,False,False,False,False,False,False,False,False,False,False
0.4592042084227653,-0.37199109704852645,0.2566898869238768,0.12430407625331362,0.24018467858994805,-0.34780226954915205,82.2,2020.0,False,False,False,False,False,False,False,False,False,False,False,False,False,False,False,False,False,False,False,False,False,False,False,False,False,False,False,False,False,False,False,False,False,False,False,False,False,False,False,False,True,False,False,False,False,False,False,False,False,False,False
-1.2310244519540972,-0.5885337901940854,-0.07015855551242822,0.6740259320126949,-0.3445865614946235,-1.0620359568031872,84.2,2020.0,False,False,False,False,False,False,False,False,False,False,False,False,False,False,False,False,False,False,False,False,False,False,False,False,False,False,False,False,False,False,False,False,False,False,False,False,False,False,False,False,False,True,False,False,False,False,False,False,False,False,False
0.5133269827989597,-0.011086608472594586,-0.16679993598174017,0.15466966447621278,0.2709621122786096,-0.46127864976708305,90.4,2020.0,False,False,False,False,False,False,False,False,False,False,False,False,False,False,False,False,False,False,False,False,False,False,False,False,False,False,False,False,False,False,False,False,False,False,False,False,False,False,False,False,False,False,True,False,False,False,False,False,False,False,False
2.22656273983435,-0.22762930161815356,0.013490941261716778,0.7400731000306718,0.17862981121262442,0.7068605583586749,90.3,2020.0,False,False,False,False,False,False,False,False,False,False,False,False,False,False,False,False,False,False,False,False,False,False,False,False,False,False,False,False,False,False,False,False,False,False,False,False,False,False,False,False,False,False,False,True,False,False,False,False,False,False,False
0.07619178116337874,2.479154362701336,-0.4890898227355304,1.7457620510946474,-1.267909572154473,1.1140405109053673,88.2,2020.0,False,False,False,False,False,False,False,False,False,False,False,False,False,False,False,False,False,False,False,False,False,False,False,False,False,False,False,False,False,False,False,False,False,False,False,False,False,False,False,False,False,False,False,False,True,False,False,False,False,False,False
-1.0880631676696735,-1.77951860249466,2.9389440505155346,1.1804949472529864,-0.8678029342018719,-2.537228899636287,83.1,2020.0,False,False,False,False,False,False,False,False,False,False,False,False,False,False,False,False,False,False,False,False,False,False,False,False,False,False,False,False,False,False,False,False,False,False,False,False,False,False,False,False,False,False,False,False,False,True,False,False,False,False,False
0.9886709949172637,-0.2998101993333397,0.5520842951508302,1.8677076759473512,-0.9601352352678566,0.16617898202618064,88.8,2020.0,False,False,False,False,False,False,False,False,False,False,False,False,False,False,False,False,False,False,False,False,False,False,False,False,False,False,False,False,False,False,False,False,False,False,False,False,False,False,False,False,False,False,False,False,False,False,True,False,False,False,False
1.07789702371526,0.9633555106824211,1.124866816658804,2.132218529326664,-0.9909126689565182,0.686835314790805,83.0,2020.0,False,False,False,False,False,False,False,False,False,False,False,False,False,False,False,False,False,False,False,False,False,False,False,False,False,False,False,False,False,False,False,False,False,False,False,False,False,False,False,False,False,False,False,False,False,False,False,True,False,False,False
-0.5226158066074132,-0.6246242390516784,0.5552752841285905,-0.5256967114358009,0.9172882197405042,-1.9030961866537328,92.1,2020.0,False,False,False,False,False,False,False,False,False,False,False,False,False,False,False,False,False,False,False,False,False,False,False,False,False,False,False,False,False,False,False,False,False,False,False,False,False,False,False,False,False,False,False,False,False,False,False,False,True,False,False
0.663148270613661,-0.5163528924788987,0.56439239549362,0.7531214429805648,-0.8062480668245483,-0.4012029190634732,90.4,2020.0,False,False,False,False,False,False,False,False,False,False,False,False,False,False,False,False,False,False,False,False,False,False,False,False,False,False,False,False,False,False,False,False,False,False,False,False,False,False,False,False,False,False,False,False,False,False,False,False,False,True,False
-1.204631190634719,-0.9855287276276103,1.5105206273995488,0.5983938700994261,-0.8985803678905335,-0.7416320597172651,82.3,2020.0,False,False,False,False,False,False,False,False,False,False,False,False,False,False,False,False,False,False,False,False,False,False,False,False,False,False,False,False,False,False,False,False,False,False,False,False,False,False,False,False,False,False,False,False,False,False,False,False,False,False,True
